Query_ID	Target_ID	Optimal_offset	p-value	E-value	q-value	Overlap	Query_consensus	Target_consensus	Orientation
filter_0	UP00085_2	-4	0.00148599	3.3405	1	11	GCTACAGTTTCCGGA	CAAATTCCGGAACC	+
filter_0	UP00049_1	-5	0.00175824	3.95252	1	10	GCTACAGTTTCCGGA	ATTTTCCGTAAAAT	-
filter_1	HMBOX1_DBD	-1	0.000872251	1.96082	0.884092	10	ACCTGGTGAAGCTGC	ACTAGTTAAC	+
filter_1	GMEB2_DBD_2	1	0.00102427	2.30256	0.884092	13	ACCTGGTGAAGCTGC	TACGTGGTTACGTT	-
filter_1	UP00146_2	2	0.00111537	2.50735	0.884092	15	ACCTGGTGAAGCTGC	AAACATAATGAGGTTGC	+
filter_1	MA1531.2	2	0.00178165	4.00516	0.884092	12	ACCTGGTGAAGCTGC	TGACCTACTGACCC	-
filter_1	MA0839.2	-3	0.00213444	4.79822	0.884092	12	ACCTGGTGAAGCTGC	TGATGACGTGGCA	-
filter_1	CREB3L1_full_2	-3	0.00224206	5.04016	0.884092	12	ACCTGGTGAAGCTGC	TGATGACGTGGCAT	-
filter_1	UP00146_1	3	0.00239569	5.38552	0.884092	14	ACCTGGTGAAGCTGC	GCAACCTCATTATCGTC	-
filter_1	RORA_DBD_2	2	0.002756	6.19548	0.884092	15	ACCTGGTGAAGCTGC	TGACCTACTAACCTAGTTA	-
filter_1	UP00009_2	3	0.00289526	6.50854	0.884092	13	ACCTGGTGAAGCTGC	CGCGCCGGGTCACGTA	+
filter_1	CREB3L1_DBD_1	-3	0.00302601	6.80246	0.884092	12	ACCTGGTGAAGCTGC	TGATGACGTGGCAT	-
filter_1	MA1533.2	3	0.00337849	7.59485	0.884092	12	ACCTGGTGAAGCTGC	TGAACTCGATGAACT	+
filter_1	MA1466.2	-3	0.00338374	7.60664	0.884092	12	ACCTGGTGAAGCTGC	TGATGACGTGGCA	+
filter_1	Creb3l2_DBD_1	-3	0.00392957	8.83367	0.884092	12	ACCTGGTGAAGCTGC	TGATGACGTGGCA	-
filter_1	CREB3L1_DBD_4	-3	0.00405411	9.11363	0.884092	12	ACCTGGTGAAGCTGC	TGATGACGTGGCAT	-
filter_2	MA2523.1	0	0.00153131	3.44239	1	13	CTAATCCTATCCGAA	CCAATGCAATAAG	+
filter_2	UP00033_2	0	0.00291974	6.56358	1	15	CTAATCCTATCCGAA	TCACCCCGCCCCTAATT	+
filter_2	MA0019.2	-3	0.00315859	7.10052	1	10	CTAATCCTATCCGAA	ATGCAATCCC	+
filter_2	MA2595.1	-2	0.00315859	7.10052	1	10	CTAATCCTATCCGAA	AATGCAATAA	+
filter_3	UP00265_1	1	3.25587e-05	0.0731921	0.146384	15	GCCGATGATCCCCCG	GGCAGCTAATCCCCCT	-
filter_3	MA2551.1	1	0.000929657	2.08987	1	15	GCCGATGATCCCCCG	AGGTAATGAGCTTCCCATCAC	-
filter_3	MA1629.2	0	0.00104577	2.35089	1	9	GCCGATGATCCCCCG	CCTGCTGTG	-
filter_3	MA1721.2	2	0.0011561	2.59891	1	12	GCCGATGATCCCCCG	CCGCTGCCGCTGCC	-
filter_3	MA0697.3	0	0.00145446	3.26962	1	7	GCCGATGATCCCCCG	CCTGCTG	-
filter_3	MA1628.2	0	0.00181386	4.07755	1	7	GCCGATGATCCCCCG	CCTGCTG	-
filter_3	MA0111.1	-3	0.00222725	5.00686	1	11	GCCGATGATCCCCCG	GCTGTTACCCT	-
filter_3	MA1638.2	-1	0.00322371	7.2469	1	6	GCCGATGATCCCCCG	CAGATG	+
filter_3	UP00099_1	4	0.00362986	8.15992	1	13	GCCGATGATCCCCCG	CTCAGCAGCTGCTCCTG	+
filter_3	MA1542.2	0	0.00370641	8.33201	1	8	GCCGATGATCCCCCG	GCTACTGT	+
filter_4	MA1724.2	-1	0.00223444	5.02303	1	9	AGTTTCGAGGTTCCG	GTTGCTAGG	-
filter_4	RFX4_DBD_2	0	0.00260691	5.86034	1	15	AGTTTCGAGGTTCCG	CGTTGCTAGGCAACG	+
filter_4	MA2561.1	4	0.00260691	5.86034	1	11	AGTTTCGAGGTTCCG	TCGTATTAACGGGGT	-
filter_4	UP00183_1	3	0.00303189	6.81568	1	13	AGTTTCGAGGTTCCG	AAATTTTACGAGCTTT	-
filter_5	Sox17_DBD_1	2	0.000453943	1.02046	1	13	CGACTGCTTTTTTGA	AACAATTGCATTGTT	+
filter_5	SOX18_full_2	2	0.00138236	3.10755	1	13	CGACTGCTTTTTTGA	ATCAATTGCATTGAT	+
filter_5	SOX18_full_1	2	0.00148416	3.3364	1	13	CGACTGCTTTTTTGA	AACAATTTCATTGTT	+
filter_5	MA0870.1	2	0.00159286	3.58075	1	13	CGACTGCTTTTTTGA	AACAATAACATTGTT	+
filter_5	Sox1_DBD_1	2	0.00159286	3.58075	1	13	CGACTGCTTTTTTGA	AACAATAACATTGTT	+
filter_5	MA0869.3	-6	0.00310774	6.9862	1	8	CGACTGCTTTTTTGA	CTTTGTTC	-
filter_5	UP00032_2	2	0.00379845	8.53892	1	15	CGACTGCTTTTTTGA	TTTTGTAGATTTTATCGACTTA	+
filter_5	SOX2_full_1	3	0.00419587	9.43231	1	14	CGACTGCTTTTTTGA	GAACAATAACATTGTTC	+
filter_5	MA0868.3	-6	0.00436749	9.81811	1	7	CGACTGCTTTTTTGA	CATTGTT	-
filter_6	MA0162.5	-5	0.000270602	0.608312	0.504363	10	TGGCAACGACTGCGC	ACGCCCACGC	+
filter_6	MA0746.3	-2	0.000359844	0.808929	0.504363	11	TGGCAACGACTGCGC	GCCACGCCCAC	+
filter_6	MA0472.2	-5	0.00048214	1.08385	0.504363	10	TGGCAACGACTGCGC	ACGCCCACGCA	+
filter_6	EGR2_DBD	-5	0.00048214	1.08385	0.504363	10	TGGCAACGACTGCGC	ACGCCCACGCA	+
filter_6	SP3_DBD	-2	0.000583367	1.31141	0.504363	11	TGGCAACGACTGCGC	GCCACGCCCCC	+
filter_6	MA0732.2	-5	0.00120997	2.72001	0.504363	10	TGGCAACGACTGCGC	ACGCCCACGCA	+
filter_6	MA0733.2	-5	0.00120997	2.72001	0.504363	10	TGGCAACGACTGCGC	ACGCCCACGCA	+
filter_6	MA0798.3	2	0.00121108	2.7225	0.504363	14	TGGCAACGACTGCGC	CGTTGCCATGGCAACG	-
filter_6	MA0509.3	2	0.00130077	2.92414	0.504363	14	TGGCAACGACTGCGC	CGTTGCCATGGCAACG	+
filter_6	MA0741.1	-2	0.001321	2.96961	0.504363	11	TGGCAACGACTGCGC	GCCACGCCCCC	+
filter_6	KLF16_DBD	-2	0.001321	2.96961	0.504363	11	TGGCAACGACTGCGC	GCCACGCCCCC	+
filter_6	MA1985.1	1	0.00163819	3.68265	0.504363	14	TGGCAACGACTGCGC	GGGGCGATGACCACT	+
filter_6	MA0910.3	-2	0.00170649	3.8362	0.504363	7	TGGCAACGACTGCGC	GCAATTA	+
filter_6	MA1502.2	-2	0.00195094	4.38571	0.504363	7	TGGCAACGACTGCGC	GCAATTA	+
filter_6	Rfx3_DBD	2	0.00198178	4.45505	0.504363	14	TGGCAACGACTGCGC	GGTTGCCATGGCAACG	+
filter_6	MA1107.3	-2	0.00202814	4.55925	0.504363	11	TGGCAACGACTGCGC	GCCACACCCAC	+
filter_6	DLX4_DBD	-2	0.0022057	4.95841	0.504363	8	TGGCAACGACTGCGC	CCAATTAC	+
filter_6	MA1516.2	-1	0.00242128	5.44304	0.504363	10	TGGCAACGACTGCGC	GACCACGCCC	+
filter_6	EGR3_DBD	-3	0.00248103	5.57735	0.504363	12	TGGCAACGACTGCGC	CTACGCCCACGCACT	+
filter_6	EGR2_full	-3	0.00265548	5.96952	0.504363	12	TGGCAACGACTGCGC	CTACGCCCACGCACT	+
filter_6	RFX2_DBD_1	2	0.0027873	6.26586	0.504363	14	TGGCAACGACTGCGC	CGTTGCCATGGCAACG	+
filter_6	SP1_DBD	-2	0.00306499	6.8901	0.504363	11	TGGCAACGACTGCGC	ACCCCGCCCCC	+
filter_6	Rfx2_DBD_1	2	0.00318697	7.16431	0.504363	14	TGGCAACGACTGCGC	GGTTGCCATGGCAACG	-
filter_6	MA1500.2	-2	0.00359465	8.08077	0.504363	7	TGGCAACGACTGCGC	GTAATTA	-
filter_6	RFX5_DBD_1	2	0.00363895	8.18036	0.504363	14	TGGCAACGACTGCGC	CGTTGCCATGGCAACG	-
filter_6	ZBTB7A_DBD	-1	0.00368588	8.28585	0.504363	12	TGGCAACGACTGCGC	GGCGACCACCGA	+
filter_6	MA1529.2	-1	0.00388646	8.73675	0.504363	14	TGGCAACGACTGCGC	GGCCGCAGCTGCGTCC	+
filter_6	SP8_DBD	-2	0.00396654	8.91677	0.504363	12	TGGCAACGACTGCGC	GCCACGCCCACT	+
filter_6	MA2546.1	-3	0.00397213	8.92935	0.504363	12	TGGCAACGACTGCGC	CCGCGCCCGCGCC	+
filter_6	HINFP1_full_1	-3	0.00426672	9.5916	0.504363	12	TGGCAACGACTGCGC	CAACGTCCGCGG	+
filter_6	KLF14_DBD	-1	0.00431935	9.70989	0.504363	14	TGGCAACGACTGCGC	GGCCACGCCCCCTT	+
filter_6	RFX3_DBD_1	2	0.00442864	9.95558	0.504363	14	TGGCAACGACTGCGC	CGTTGCCATGGCAACG	+
filter_6	RFX4_DBD_1	2	0.00442864	9.95558	0.504363	14	TGGCAACGACTGCGC	CGTTGCCATGGCAACG	+
filter_7	MA2674.1	-9	0.000178564	0.401412	0.785897	6	TACTTCGGTGCGTGC	ACGTGC	+
filter_7	MA2683.1	-9	0.00035242	0.79224	0.785897	6	TACTTCGGTGCGTGC	ACGTGC	+
filter_7	MA1106.2	-9	0.000524397	1.17885	0.785897	6	TACTTCGGTGCGTGC	ACGTGC	+
filter_7	Bhlhb2_DBD_1	-6	0.00389269	8.75077	1	9	TACTTCGGTGCGTGC	GTCACGTGAC	+
filter_7	Bhlhb2_DBD_2	-6	0.00389269	8.75077	1	9	TACTTCGGTGCGTGC	GTCACGTGCT	-
filter_7	MA1155.1	-1	0.00409062	9.19571	1	14	TACTTCGGTGCGTGC	TTTTCAGTGTGTGCA	-
filter_7	ZSCAN4_full	-1	0.00409062	9.19571	1	14	TACTTCGGTGCGTGC	TTTTCAGTGTGTGCA	-
filter_7	BHLHB3_full	-6	0.00427453	9.60914	1	9	TACTTCGGTGCGTGC	GTCACGTGCC	-
filter_8	MA1602.2	0	0.000442484	0.994704	1	11	CCGCGACGACAGTAA	CCGTGTAGACG	-
filter_8	MA2538.1	0	0.000677647	1.52335	1	12	CCGCGACGACAGTAA	CGGCGGCGGCGG	-
filter_8	MYBL2_DBD_2	1	0.00354503	7.96922	1	15	CCGCGACGACAGTAA	ACCGTTAAAACCGTTA	+
filter_8	MEIS1_DBD	-5	0.00391725	8.80597	1	7	CCGCGACGACAGTAA	TTGACAG	+
filter_8	RUNX2_DBD_2	3	0.00402585	9.05011	1	15	CCGCGACGACAGTAA	TAACCGCAAAAACCGCAA	+
filter_9	MA0694.2	-5	0.00101713	2.28651	1	10	CCCTTCTATGACCGG	CGACCACCGA	+
filter_9	MA1506.2	-3	0.00133541	3.00201	1	10	CCCTTCTATGACCGG	TTTTACGACC	-
filter_9	ESRRA_DBD_2	2	0.00171852	3.86324	1	15	CCCTTCTATGACCGG	TGACCTTGAATGACCTT	-
filter_9	ZBTB7B_full	-4	0.00175817	3.95237	1	11	CCCTTCTATGACCGG	GCGACCACCGAA	+
filter_9	UP00055_1	0	0.00189025	4.24927	1	15	CCCTTCTATGACCGG	ACTATGAATGAATGAT	+
filter_9	MA0906.2	-3	0.00245565	5.52029	1	10	CCCTTCTATGACCGG	TTTTACGACC	-
filter_9	MA0858.1	3	0.00246238	5.53543	1	14	CCCTTCTATGACCGG	TGACCTTTAGTTGACCT	-
filter_9	Rarb_DBD_3	3	0.00246238	5.53543	1	14	CCCTTCTATGACCGG	TGACCTTTAGTTGACCT	-
filter_9	MA0873.2	-3	0.00404415	9.09126	1	10	CCCTTCTATGACCGG	TTTTACGACT	-
filter_9	MA2504.1	-7	0.0041664	9.36607	1	8	CCCTTCTATGACCGG	TTGACCAA	+
filter_10	MA1592.2	-2	0.00113996	2.56263	1	12	GGTACGAGCTTACGA	TATGAGTTCTCG	+
filter_10	GMEB2_DBD_2	-2	0.00417327	9.38152	1	13	GGTACGAGCTTACGA	TACGTGGTTACGTT	-
filter_11	MA0159.1	2	0.000218692	0.491621	0.983241	15	GTCTCGCATCGGTAA	AGGTCACGGAGAGGTCA	+
filter_11	UP00230_1	-6	0.000824768	1.85408	1	9	GTCTCGCATCGGTAA	CAGAGCTAATTACCCC	-
filter_11	UP00057_2	-1	0.00265627	5.9713	1	14	GTCTCGCATCGGTAA	CCACACAGCAGGAGA	+
filter_11	MA0067.3	1	0.00348473	7.83368	1	15	GTCTCGCATCGGTAA	CGTCACGCTTCACTGA	-
filter_11	UP00012_2	-4	0.00348926	7.84385	1	11	GTCTCGCATCGGTAA	CCAACTGTTAACAATCA	-
filter_11	UP00115_1	-6	0.00431251	9.69452	1	9	GTCTCGCATCGGTAA	GTTCACTAATTAGTTTA	-
filter_12	MA1651.2	2	0.00127341	2.86262	1	11	ACATGGATGCATGAC	CAAAATGGCTGCC	+
filter_12	MA1479.2	-1	0.00237759	5.34483	1	11	ACATGGATGCATGAC	AATTGATACAT	+
filter_12	YY2_full_2	-2	0.00291756	6.55867	1	12	ACATGGATGCATGAC	ATGGCGGCATGG	-
filter_12	UP00008_2	0	0.00428822	9.63992	1	15	ACATGGATGCATGAC	AGGCGGATATATCCCAT	-
filter_13	Atf4_DBD	-1	0.00245148	5.51093	1	14	TAGGATGTTGTTGTG	AGGATGATGCAATC	+
filter_14	MA2568.1	1	0.00012227	0.274863	0.549726	9	AAGAACGGTGCGGAA	AAAGAACAGC	+
filter_14	UP00002_1	0	0.00121275	2.72625	1	15	AAGAACGGTGCGGAA	GAGAAGGGGGCGGGACC	-
filter_14	MA0771.1	-2	0.00137657	3.09453	1	13	AAGAACGGTGCGGAA	GAACGTTCTAGAA	-
filter_14	HSF4_DBD	-2	0.00137657	3.09453	1	13	AAGAACGGTGCGGAA	GAACGTTCTAGAA	-
filter_14	MA2101.1	3	0.00168005	3.77674	1	9	AAGAACGGTGCGGAA	GATAAGAACAGC	+
filter_14	HSF1_DBD	-2	0.0017238	3.87509	1	13	AAGAACGGTGCGGAA	GAACGTTCTAGAA	-
filter_14	MA0770.1	-2	0.00199865	4.49296	1	13	AAGAACGGTGCGGAA	GAACGTTCTAGAA	-
filter_14	HSF2_DBD	-2	0.00199865	4.49296	1	13	AAGAACGGTGCGGAA	GAACGTTCTAGAA	-
filter_14	MA0486.2	-2	0.00248789	5.59278	1	13	AAGAACGGTGCGGAA	GAACGTTCTAGAA	-
filter_14	HSF1_full	-2	0.00248789	5.59278	1	13	AAGAACGGTGCGGAA	GAACGTTCTAGAA	-
filter_14	AR_full	0	0.00292316	6.57125	1	15	AAGAACGGTGCGGAA	GGGTACACCGTGTTCCC	-
filter_14	TBX20_DBD_3	-1	0.00307692	6.91692	1	14	AAGAACGGTGCGGAA	GAAAAGGTGTGAAAG	+
filter_15	UP00018_1	1	0.00163822	3.68271	1	14	CAAGTATCAACACGT	TTTGGTTTCGATACG	-
filter_16	Hoxd3_DBD	-2	6.68486e-06	0.0150276	0.0292333	10	CAAGCAAATAACGTT	AGTAATTAAC	+
filter_16	MEOX2_DBD_1	-2	2.29942e-05	0.051691	0.0335183	10	CAAGCAAATAACGTT	AGTAATTAAC	+
filter_16	BARHL2_DBD_2	-2	2.29942e-05	0.051691	0.0335183	10	CAAGCAAATAACGTT	AGCAATTAAC	-
filter_16	Gbx2_DBD	-2	5.04626e-05	0.11344	0.0426935	10	CAAGCAAATAACGTT	ACCAATTAGC	+
filter_16	HOXA1_DBD	-2	5.04626e-05	0.11344	0.0426935	10	CAAGCAAATAACGTT	GGTAATTAAC	+
filter_16	BARHL2_full_2	-2	5.85771e-05	0.131681	0.0426935	10	CAAGCAAATAACGTT	AGCAATTAGC	-
filter_16	GBX2_DBD_1	-2	7.83523e-05	0.176136	0.0428299	10	CAAGCAAATAACGTT	ACCAATTAGC	+
filter_16	Barhl1_DBD_2	-2	7.83523e-05	0.176136	0.0428299	10	CAAGCAAATAACGTT	AGCAATTAGC	-
filter_16	MEOX1_full	-2	0.000103846	0.233445	0.0504581	10	CAAGCAAATAACGTT	GCTAATTAAC	+
filter_16	LHX2_DBD_1	-2	0.000119169	0.267891	0.0521132	10	CAAGCAAATAACGTT	ACTAATTAAC	+
filter_16	Gbx1_DBD	-2	0.000136475	0.306795	0.0542556	10	CAAGCAAATAACGTT	ACCAATTAAC	+
filter_16	MA2685.1	-4	0.000181827	0.408747	0.0632892	8	CAAGCAAATAACGTT	CAATTAAC	-
filter_16	HOXB2_DBD	-2	0.000202615	0.45548	0.0632892	10	CAAGCAAATAACGTT	AGTAATTAAC	+
filter_16	HOXB3_DBD	-2	0.000202615	0.45548	0.0632892	10	CAAGCAAATAACGTT	ACTAATTAGC	+
filter_16	MA1545.2	-8	0.000294177	0.661309	0.0821228	7	CAAGCAAATAACGTT	TAACGGT	-
filter_16	NKX6-2_DBD	-3	0.000319247	0.717668	0.0821228	8	CAAGCAAATAACGTT	CTAATTAA	+
filter_16	NKX6-2_full	-3	0.000319247	0.717668	0.0821228	8	CAAGCAAATAACGTT	CTAATTAA	+
filter_16	UP00215_1	2	0.000352866	0.793242	0.0857279	14	CAAGCAAATAACGTT	CTGGGTTAATTAACGT	-
filter_16	Nkx6-1_DBD	-3	0.00038117	0.85687	0.0877304	8	CAAGCAAATAACGTT	GTAATTAA	+
filter_16	UP00151_1	0	0.000421119	0.946676	0.0885928	15	CAAGCAAATAACGTT	TAAGTAATTAGTTATA	+
filter_16	ESX1_full	-2	0.000425434	0.956376	0.0885928	10	CAAGCAAATAACGTT	ACCAATTAAC	+
filter_16	RAX_DBD	-2	0.000602864	1.35524	0.116243	10	CAAGCAAATAACGTT	GCCAATTAAC	+
filter_16	NKX6-1_full	-3	0.000630727	1.41787	0.116243	8	CAAGCAAATAACGTT	GTAATTAA	+
filter_16	UP00171_1	2	0.000648081	1.45689	0.116243	14	CAAGCAAATAACGTT	CAAAACCAATTAATTT	+
filter_16	GBX2_full	-2	0.000675107	1.51764	0.116243	10	CAAGCAAATAACGTT	ACCAATTAGC	+
filter_16	MA2525.1	-3	0.000691121	1.55364	0.116243	12	CAAGCAAATAACGTT	GCAATGAAGGGTGA	+
filter_16	NKX6-1_DBD	-3	0.000739681	1.6628	0.117905	8	CAAGCAAATAACGTT	GTAATTAA	+
filter_16	HESX1_DBD_1	-2	0.000754929	1.69708	0.117905	10	CAAGCAAATAACGTT	GCCAATTAGC	-
filter_16	EMX2_DBD_1	-2	0.000843024	1.89512	0.122886	10	CAAGCAAATAACGTT	GCTAATTAGC	+
filter_16	LBX2_DBD_2	-2	0.000843024	1.89512	0.122886	10	CAAGCAAATAACGTT	GCCAATTAGC	+
filter_16	MA0896.2	-2	0.000960459	2.15911	0.135488	9	CAAGCAAATAACGTT	AGCAATTAA	+
filter_16	UP00261_1	1	0.00102775	2.31037	0.137945	15	CAAGCAAATAACGTT	TAAACTAATTAGCTTTG	+
filter_16	EN1_DBD_1	-2	0.0010471	2.35389	0.137945	10	CAAGCAAATAACGTT	CCCAATTAGC	+
filter_16	UP00127_1	2	0.0011559	2.59846	0.137945	14	CAAGCAAATAACGTT	ATCAGCTAATTAACCT	-
filter_16	EMX1_DBD_1	-2	0.00116478	2.61843	0.137945	10	CAAGCAAATAACGTT	GCTAATTAGC	+
filter_16	ESX1_DBD	-2	0.00116478	2.61843	0.137945	10	CAAGCAAATAACGTT	ACCAATTAAC	+
filter_16	LMX1B_full	-3	0.00116714	2.62373	0.137945	8	CAAGCAAATAACGTT	CTAATTAA	+
filter_16	MA0898.2	-2	0.00124084	2.78941	0.142796	9	CAAGCAAATAACGTT	AGCAATTAA	+
filter_16	UP00037_2	1	0.00130873	2.94202	0.146747	15	CAAGCAAATAACGTT	GTGGTTCAATAATTTTG	+
filter_16	UP00140_1	2	0.00141697	3.18534	0.153025	15	CAAGCAAATAACGTT	TACAGCTAATTAGTTTA	-
filter_16	UP00078_2	0	0.00145746	3.27636	0.153025	15	CAAGCAAATAACGTT	AAATTTGATACGGGT	-
filter_16	SRF_DBD	-2	0.00146969	3.30387	0.153025	12	CAAGCAAATAACGTT	GCCATATATGGT	-
filter_16	EN2_DBD	-2	0.0015921	3.57904	0.161915	10	CAAGCAAATAACGTT	TCCAATTAAC	+
filter_16	GBX1_DBD	-2	0.00176301	3.96325	0.175222	10	CAAGCAAATAACGTT	ACTAATTAGC	+
filter_16	UP00214_1	2	0.00200653	4.51068	0.194993	14	CAAGCAAATAACGTT	ATGAGCTAATTACCGT	-
filter_16	UP00174_1	1	0.00252177	5.66895	0.225123	15	CAAGCAAATAACGTT	ATGAGCTAATTACCTT	-
filter_16	ALX3_DBD	-2	0.00262442	5.89969	0.225123	10	CAAGCAAATAACGTT	GCTAATTAGC	+
filter_16	Hoxa2_DBD	-2	0.00262442	5.89969	0.225123	10	CAAGCAAATAACGTT	ACTAATTAGC	+
filter_16	NOTO_DBD	-2	0.00262442	5.89969	0.225123	10	CAAGCAAATAACGTT	GCTAATTAGC	+
filter_16	UP00132_1	2	0.00262545	5.90202	0.225123	15	CAAGCAAATAACGTT	CACCGCTAATTAGCGTT	+
filter_16	UP00237_1	2	0.00262545	5.90202	0.225123	15	CAAGCAAATAACGTT	CGTAATTAATTAATTGG	+
filter_16	UP00138_1	2	0.00271867	6.11157	0.228633	14	CAAGCAAATAACGTT	CTGAGGTAATTACCTG	-
filter_16	Dlx2_DBD	-3	0.00300649	6.75859	0.248067	8	CAAGCAAATAACGTT	GCAATTAA	+
filter_16	PDX1_DBD_1	-3	0.00332052	7.46453	0.268904	12	CAAGCAAATAACGTT	GTAATTAACGGTAATTAA	+
filter_16	MNX1_DBD	-2	0.00350202	7.87254	0.278446	10	CAAGCAAATAACGTT	GGTAATTAAA	+
filter_16	NR2E1_full_2	0	0.00373426	8.39462	0.280475	14	CAAGCAAATAACGTT	TGACTTATTGACTT	-
filter_16	VSX1_full	-1	0.00376897	8.47265	0.280475	11	CAAGCAAATAACGTT	GGCTAATTAGC	+
filter_16	UP00146_1	2	0.00379756	8.53693	0.280475	15	CAAGCAAATAACGTT	GCAACCTCATTATCGTC	-
filter_16	MSX1_DBD_2	-3	0.00382972	8.60922	0.280475	8	CAAGCAAATAACGTT	CCAATTAA	+
filter_16	GSX2_DBD	-2	0.00384823	8.65082	0.280475	10	CAAGCAAATAACGTT	ACTAATTAAA	+
filter_16	MA2677.1	-3	0.00393574	8.84755	0.282151	9	CAAGCAAATAACGTT	GTAATTAGT	-
filter_16	MA0083.3	0	0.00422493	9.49764	0.284244	15	CAAGCAAATAACGTT	TGACCATATATGGTCA	+
filter_16	SRF_full	0	0.00422493	9.49764	0.284244	15	CAAGCAAATAACGTT	TGACCATATATGGTCA	+
filter_16	UP00241_1	2	0.00422493	9.49764	0.284244	14	CAAGCAAATAACGTT	TTGAGTTAATTAACCT	+
filter_17	MA0895.2	-6	0.000390391	0.877599	1	7	GCGAAGTAGTTACGC	TAGTTAA	+
filter_17	UP00172_1	-1	0.00111871	2.51486	1	14	GCGAAGTAGTTACGC	CGAATTAATTAAGAAAC	+
filter_17	UP00188_1	-1	0.00175469	3.94455	1	14	GCGAAGTAGTTACGC	CGAATTAATTAAAAACC	+
filter_17	MA1554.2	-6	0.00197203	4.43313	1	8	GCGAAGTAGTTACGC	TAGCAACG	-
filter_17	UP00212_1	-1	0.00218572	4.91349	1	14	GCGAAGTAGTTACGC	CGAATTAATTAAATACT	+
filter_17	HMBOX1_DBD	-4	0.00243512	5.47414	1	10	GCGAAGTAGTTACGC	ACTAGTTAAC	+
filter_17	UP00169_1	-1	0.00252539	5.67708	1	14	GCGAAGTAGTTACGC	CAAATTAATTAAAAACT	-
filter_17	UP00209_1	-1	0.00271295	6.09871	1	14	GCGAAGTAGTTACGC	CGAATTAATTAATCACC	+
filter_17	UP00113_1	-1	0.00335583	7.5439	1	14	GCGAAGTAGTTACGC	CGAATTAATTAACAATA	+
filter_17	UP00252_1	-1	0.00335583	7.5439	1	14	GCGAAGTAGTTACGC	CGAATTAATTAATTACT	+
filter_17	MA1932.2	2	0.00381872	8.58447	1	13	GCGAAGTAGTTACGC	ACCGGAAGTTGTAAA	+
filter_17	UP00144_1	-1	0.00413755	9.30122	1	14	GCGAAGTAGTTACGC	CGCGTTAATTAATTACC	+
filter_17	UP00262_1	-1	0.00413755	9.30122	1	14	GCGAAGTAGTTACGC	CGAATTAATTAATAATG	+
filter_19	MA2100.1	2	1.71509e-05	0.0385553	0.0771107	15	GACTCTGTAAGCGCT	GAGGCTCTGTTAACACTT	-
filter_19	MA2545.1	2	0.000392563	0.882481	0.882481	15	GACTCTGTAAGCGCT	TTGTGACAATACACCCTCCCCGCC	-
filter_19	MA2514.1	-6	0.00197831	4.44725	1	8	GACTCTGTAAGCGCT	CTAAGCGC	+
filter_19	ZNF435_full	3	0.00317632	7.14037	1	15	GACTCTGTAAGCGCT	AGGTGTTCTGTTAACACT	-
filter_20	Ar_DBD	1	0.000950907	2.13764	1	15	AGGCCGCGACGTACC	GGGTACACGGTGTACCG	+
filter_20	UP00186_1	1	0.00115379	2.59372	1	15	AGGCCGCGACGTACC	AAGGAGCTGTCAATAC	+
filter_20	AR_DBD	1	0.00118443	2.6626	1	15	AGGCCGCGACGTACC	AGGTACACGGTGTACCC	+
filter_20	MA0113.4	0	0.00130798	2.94034	1	15	AGGCCGCGACGTACC	GGTACATAATGTTCC	+
filter_20	MA2497.1	6	0.00137172	3.08363	1	14	AGGCCGCGACGTACC	GTGCAAAGGCCCTGAGGCAG	+
filter_20	UP00203_1	1	0.00154	3.46193	1	15	AGGCCGCGACGTACC	AAAGACCTGTCAATCC	+
filter_20	UP00084_1	-2	0.00169479	3.80988	1	13	AGGCCGCGACGTACC	GAGTGTACGTACGATGG	+
filter_20	GMEB2_DBD_1	-6	0.00183299	4.12056	1	8	AGGCCGCGACGTACC	TTACGTAC	+
filter_20	NR3C1_DBD	1	0.00224217	5.04041	1	15	AGGCCGCGACGTACC	GGGTACATAATGTTCCC	+
filter_20	MA0727.2	0	0.00285972	6.42865	1	15	AGGCCGCGACGTACC	GGAACACAATGTTCC	+
filter_20	UP00226_1	1	0.0033054	7.43055	1	15	AGGCCGCGACGTACC	AAAGACCTGTCAATAC	+
filter_20	MA2590.1	0	0.00351276	7.89668	1	15	AGGCCGCGACGTACC	AGCACCCAAGTCACC	+
filter_20	MA0494.2	-1	0.00353555	7.94792	1	14	AGGCCGCGACGTACC	TGACCTAAAGTAACCT	+
filter_20	GMEB2_DBD_3	2	0.00430113	9.66894	1	13	AGGCCGCGACGTACC	TACGTCAGTTACGTA	-
filter_20	MA0862.1	-6	0.00440942	9.91238	1	8	AGGCCGCGACGTACC	TTACGTAA	+
filter_20	GMEB2_DBD_4	-6	0.00440942	9.91238	1	8	AGGCCGCGACGTACC	TTACGTAA	+
filter_22	UP00207_1	3	0.00214902	4.831	1	13	GGCATAATATCCGAT	GGAGCCATAAAATTCG	+
filter_23	MA2560.1	-1	0.00128503	2.88876	1	14	CCGGAAAGATATGCA	TCGACTTATATTCG	-
filter_23	SOX21_DBD_4	-2	0.00166031	3.73238	1	13	CCGGAAAGATATGCA	TGAATGTTATTCA	+
filter_23	ETS1_full_2	1	0.00222716	5.00666	1	15	CCGGAAAGATATGCA	ACCGGAAGTACATCCGGC	-
filter_23	MA0625.3	-1	0.00246004	5.53018	1	6	CCGGAAAGATATGCA	TGGAAA	+
filter_23	SRY_DBD_4	-2	0.00246847	5.54913	1	13	CCGGAAAGATATGCA	TGAATGTTATTCA	-
filter_23	UP00072_2	0	0.00267176	6.00612	1	15	CCGGAAAGATATGCA	ATGGAAAGTCGTAAAA	+
filter_23	UP00075_2	-1	0.00273019	6.13748	1	14	CCGGAAAGATATGCA	TCGAATTTCATTCAA	-
filter_24	MA0090.4	0	3.71498e-05	0.0835127	0.131311	9	CTGGAATGCCACCCA	CTGGAATGT	-
filter_24	MA0808.1	-1	8.76187e-05	0.196967	0.131311	8	CTGGAATGCCACCCA	TGGAATGT	-
filter_24	TEAD3_DBD_2	-1	8.76187e-05	0.196967	0.131311	8	CTGGAATGCCACCCA	TGGAATGT	-
filter_24	MA0809.3	-1	0.00017805	0.400255	0.200128	8	CTGGAATGCCACCCA	TGGAATGT	-
filter_24	MA2458.1	1	0.000738079	1.6592	0.66368	14	CTGGAATGCCACCCA	AATGGAATACTATTC	-
filter_24	MA2457.1	3	0.00190752	4.28811	0.999994	15	CTGGAATGCCACCCA	ACCATGGAATACTATGCAGCCA	+
filter_24	MA1589.3	-2	0.00220743	4.96231	0.999994	12	CTGGAATGCCACCCA	GCAATTCCGCTC	+
filter_24	MA1121.2	-2	0.00231017	5.19327	0.999994	7	CTGGAATGCCACCCA	GGAATGT	-
filter_24	Hic1_DBD_2	-5	0.00233418	5.24724	0.999994	9	CTGGAATGCCACCCA	ATGCCAACC	+
filter_24	MA2582.1	-5	0.00319521	7.18283	0.999994	10	CTGGAATGCCACCCA	ATGTTGCCCA	-
filter_24	MA0019.2	0	0.00373218	8.38993	0.999994	10	CTGGAATGCCACCCA	ATGCAATCCC	+
filter_25	UP00065_1	0	0.000389857	0.8764	1	15	CTGGACGCCGGCCTG	TGGCGCGCGCGCCTGA	+
filter_25	MA2566.1	-6	0.00131721	2.9611	1	6	CTGGACGCCGGCCTG	GCCGGC	-
filter_25	HIC2_DBD	-4	0.00148764	3.34421	1	9	CTGGACGCCGGCCTG	ATGCCCACC	+
filter_25	MA1470.2	1	0.00263656	5.92698	1	15	CTGGACGCCGGCCTG	AAAGCATGACGTCATGATT	+
filter_26	UP00051_2	0	0.000845018	1.8996	1	14	GGTGTCATTCGTCGT	CGTGTCATGAATGT	-
filter_26	UP00247_1	2	0.00286847	6.44831	1	15	GGTGTCATTCGTCGT	GTGGGCTAATTAGTTCA	-
filter_26	FOXB1_DBD_1	4	0.00351695	7.90609	1	10	GGTGTCATTCGTCGT	TCGCTGTGTCATTC	-
filter_26	ZBTB7C_full	-3	0.00429188	9.64814	1	12	GGTGTCATTCGTCGT	TTCGGTGGTCGC	-
filter_27	MA2546.1	-2	0.000285027	0.64074	1	13	TGCGGTGCCGGCAAC	CCGCGCCCGCGCC	+
filter_27	UP00043_2	2	0.00109483	2.46118	1	14	TGCGGTGCCGGCAAC	TTTTAGGGGCGGGGAT	-
filter_27	MA1583.2	-5	0.00117079	2.63193	1	7	TGCGGTGCCGGCAAC	TGCCGCA	+
filter_27	MA2538.1	-4	0.00121215	2.72491	1	11	TGCGGTGCCGGCAAC	CCGCCGCCGCCG	+
filter_27	MA2566.1	-6	0.00185588	4.17201	1	6	TGCGGTGCCGGCAAC	GCCGGC	-
filter_27	UP00010_2	0	0.00225434	5.06775	1	15	TGCGGTGCCGGCAAC	ATTGCCTCAGGCAAT	+
filter_27	MA0762.2	-6	0.00432089	9.71335	1	9	TGCGGTGCCGGCAAC	ACCGGAAAT	+
filter_28	MA1999.2	-4	0.000817015	1.83665	1	11	CGTAGTTGTGAATCT	GTTCTCCATCT	+
filter_28	MA0804.2	5	0.00336035	7.55408	1	12	CGTAGTTGTGAATCT	TCACACCTAGGTGTGAA	+
filter_28	TBX20_full_2	-3	0.00380673	8.55752	1	12	CGTAGTTGTGAATCT	AGGTGTGAAGGTGTGA	+
filter_28	MA1566.3	-3	0.00409613	9.20809	1	9	CGTAGTTGTGAATCT	AGGTGTGAA	+
filter_29	SCRT2_DBD	-2	0.000717245	1.61237	1	13	GCCCTCCTTTTAGAT	CCACCTGTTGCAT	-
filter_29	MA2578.1	2	0.0016005	3.59791	1	7	GCCCTCCTTTTAGAT	CCGCCCTCC	-
filter_29	MA2539.1	0	0.00228613	5.13922	1	10	GCCCTCCTTTTAGAT	GCCGGCCGGC	+
filter_30	MA0131.3	-8	0.000213329	0.479563	0.578964	7	ACTCAGTTACGGCCG	ACGTCCGC	+
filter_30	MA1529.2	2	0.000257546	0.578964	0.578964	14	ACTCAGTTACGGCCG	GGACGCAGCTGCGGCC	-
filter_30	UP00100_2	1	0.000575425	1.29356	0.697095	15	ACTCAGTTACGGCCG	CGCTGCGATATCGCCGC	-
filter_30	MA1975.2	-2	0.000620191	1.39419	0.697095	13	ACTCAGTTACGGCCG	TCATCAAGGTCCT	+
filter_30	UP00081_2	-2	0.00121009	2.72028	1	13	ACTCAGTTACGGCCG	CGACCAACTGCCGTG	+
filter_30	MYBL2_DBD_1	0	0.00196351	4.41397	1	14	ACTCAGTTACGGCCG	AACGGTTAACGGTT	+
filter_30	UP00076_1	-2	0.00289937	6.51778	1	13	ACTCAGTTACGGCCG	CCGCATAGCAACGGA	+
filter_31	MA2496.1	-3	0.000932653	2.0966	1	11	GCGCGCACTCTAGAT	CTCGCTCTCGC	-
filter_31	MA1650.2	0	0.00108506	2.43921	1	8	GCGCGCACTCTAGAT	CCGCGCAC	+
filter_31	UP00084_1	0	0.00291761	6.55878	1	15	GCGCGCACTCTAGAT	GAGTGTACGTACGATGG	+
filter_31	UP00065_1	2	0.00393417	8.84402	1	14	GCGCGCACTCTAGAT	TGGCGCGCGCGCCTGA	+
filter_32	RUNX3_DBD_1	-3	0.00095999	2.15806	1	12	GTATTTCGGCGAACG	TTGCGGTTTGCGGTTA	-
filter_32	RUNX2_DBD_1	-3	0.00102908	2.31338	1	12	GTATTTCGGCGAACG	TTGCGGTTTGCGGTTA	-
filter_32	MA0511.2	-3	0.0016091	3.61725	1	9	GTATTTCGGCGAACG	TTGCGGTTT	-
filter_32	RUNX2_DBD_3	-3	0.0016091	3.61725	1	9	GTATTTCGGCGAACG	TTGCGGTTT	-
filter_32	UP00059_2	2	0.00172507	3.87795	1	15	GTATTTCGGCGAACG	TTATTTCGTATTGTACG	-
filter_32	MA0776.1	-5	0.00276039	6.20535	1	10	GTATTTCGGCGAACG	ACCGTTAACGGT	-
filter_32	MYBL1_DBD_2	-5	0.00276039	6.20535	1	10	GTATTTCGGCGAACG	ACCGTTAACGGT	-
filter_32	ZBTB7C_full	-4	0.00396729	8.91846	1	11	GTATTTCGGCGAACG	TTCGGTGGTCGC	-
filter_33	UP00009_2	-1	0.00072679	1.63382	0.933187	14	GCGCTTCGGGGCCGG	CGCGCCGGGTCACGTA	+
filter_33	MA2340.1	-1	0.00146211	3.28683	0.933187	10	GCGCTTCGGGGCCGG	CACTTCCGGT	-
filter_33	ETV6_full_1	-1	0.00171048	3.84517	0.933187	14	GCGCTTCGGGGCCGG	CACTTCCGCTTCCGG	-
filter_33	MA2579.1	-6	0.00241255	5.42341	0.933187	7	GCGCTTCGGGGCCGG	CGGGTTC	+
filter_33	MA1484.2	-2	0.00302441	6.79888	0.933187	9	GCGCTTCGGGGCCGG	ACTTCCGGT	-
filter_33	ELK1_DBD_2	-1	0.00340818	7.66159	0.933187	10	GCGCTTCGGGGCCGG	CACTTCCGGT	-
filter_33	MA0076.3	-1	0.00367216	8.25502	0.933187	9	GCGCTTCGGGGCCGG	CACTTCCGG	+
filter_33	MA0493.3	-2	0.0039372	8.85083	0.933187	8	GCGCTTCGGGGCCGG	GGGCGGGG	+
filter_33	IRF4_full	0	0.00417323	9.38143	0.933187	15	GCGCTTCGGGGCCGG	TAGTTTCGGTTTCGG	-
filter_34	SOX2_DBD_3	0	0.0007359	1.6543	0.802131	15	CTGCAATGACAGTGT	CATCAATAACATTGATC	-
filter_34	MA0090.4	0	0.000793297	1.78333	0.802131	9	CTGCAATGACAGTGT	CTGGAATGT	-
filter_34	TEAD1_full_2	-1	0.000856125	1.92457	0.802131	14	CTGCAATGACAGTGT	TGGAATGTCAGGAATGT	-
filter_34	MA0866.1	-1	0.000933156	2.09773	0.802131	14	CTGCAATGACAGTGT	AACACTACCATTGTT	-
filter_34	SOX21_DBD_1	-1	0.000933156	2.09773	0.802131	14	CTGCAATGACAGTGT	AACACTACCATTGTT	-
filter_34	MA0808.1	-1	0.00155219	3.48931	0.802131	8	CTGCAATGACAGTGT	TGGAATGT	-
filter_34	TEAD3_DBD_2	-1	0.00155219	3.48931	0.802131	8	CTGCAATGACAGTGT	TGGAATGT	-
filter_34	SOX2_DBD_1	0	0.00220201	4.95013	0.802131	15	CTGCAATGACAGTGT	GAACAATACCATTGTTC	-
filter_34	MA0897.2	0	0.0024161	5.43139	0.802131	15	CTGCAATGACAGTGT	AAGCAATTAAAGAAT	+
filter_34	MA0142.1	1	0.0024161	5.43139	0.802131	14	CTGCAATGACAGTGT	ATTTGCATAACAAAG	-
filter_34	SRY_DBD_1	-1	0.00259256	5.82807	0.802131	14	CTGCAATGACAGTGT	AACAATAACATTGTT	+
filter_34	SOX21_DBD_3	-2	0.00262321	5.89697	0.802131	13	CTGCAATGACAGTGT	TCAATAACATTGA	-
filter_34	MA1473.2	-2	0.00263764	5.92941	0.802131	9	CTGCAATGACAGTGT	GCAATAAAA	+
filter_34	SOX2_full_1	0	0.00271359	6.10014	0.802131	15	CTGCAATGACAGTGT	GAACAATAACATTGTTC	+
filter_34	SOX7_full_2	0	0.00290715	6.53528	0.802131	15	CTGCAATGACAGTGT	AAACAATGCAATTGTTT	-
filter_34	UP00157_1	2	0.00311341	6.99894	0.802131	15	CTGCAATGACAGTGT	ACAAGCAATTAAAGAAT	+
filter_34	MA0913.3	-2	0.00350143	7.87122	0.802131	9	CTGCAATGACAGTGT	GCAATAAAA	+
filter_34	SOX15_full_1	-1	0.00366794	8.24553	0.802131	14	CTGCAATGACAGTGT	AACAATAACATTGTT	+
filter_34	MA1124.1	-3	0.00377459	8.48529	0.802131	12	CTGCAATGACAGTGT	GAATGAATGAATG	-
filter_34	UP00155_1	2	0.00381607	8.57853	0.802131	15	CTGCAATGACAGTGT	ACAAGCAATTAAAGAAT	+
filter_34	MA0465.3	-2	0.00387236	8.70507	0.802131	8	CTGCAATGACAGTGT	GCAATAAA	+
filter_34	SOX18_full_1	-1	0.00392723	8.82842	0.802131	14	CTGCAATGACAGTGT	AACAATGAAATTGTT	-
filter_35	UP00040_1	0	0.00430072	9.66802	1	15	CTAGCTCCGAATTGA	TTGGTTTCGGTTTAT	-
filter_36	MA1998.2	-7	0.000897542	2.01767	1	8	CTTAAGATAGCGACC	TAGAGACC	-
filter_36	MA2588.1	-8	0.00157446	3.53939	1	7	CTTAAGATAGCGACC	CGCGACCC	+
filter_36	RFX5_DBD_2	1	0.00352884	7.93283	1	15	CTTAAGATAGCGACC	CGTTACCATGGCAACG	+
filter_36	RFX5_DBD_3	1	0.00352884	7.93283	1	15	CTTAAGATAGCGACC	CGTTACCATGGCAACG	+
filter_37	FOXB1_DBD_1	1	0.000316416	0.711304	1	13	ATCTCCGCGGCGAGC	GAATGACACAGCGA	+
filter_37	UP00258_1	0	0.000730849	1.64295	1	15	ATCTCCGCGGCGAGC	AACTAGCTGTCAATAC	+
filter_37	Irx3_DBD	-2	0.00255397	5.74133	1	12	ATCTCCGCGGCGAGC	CTACATGACAAA	+
filter_38	MA2489.1	0	0.000604469	1.35885	1	15	CCATGTGCCATAGAA	CAAGAAGAAATAGAAAAT	-
filter_38	RHOXF1_DBD_2	-2	0.000730747	1.64272	1	8	CCATGTGCCATAGAA	ATAATCCC	+
filter_38	MA0830.3	0	0.00210021	4.72126	1	8	CCATGTGCCATAGAA	GCAGGTGC	-
filter_38	MNT_DBD	1	0.00215581	4.84626	1	9	CCATGTGCCATAGAA	ACCACGTGCC	+
filter_39	MA1118.2	1	1.5492e-05	0.0348259	0.0696518	8	CAGGTTACATGCCAT	TCAGGTTAC	-
filter_39	MA1119.2	2	0.000137348	0.308758	0.308758	9	CAGGTTACATGCCAT	ATCAGGTTTCA	-
filter_39	MA2001.2	1	0.000819085	1.8413	1	6	CAGGTTACATGCCAT	TCAGGTT	-
filter_39	MA1105.3	2	0.0016582	3.72764	1	6	CAGGTTACATGCCAT	AACAGGTT	+
filter_39	MA2098.1	-1	0.00169931	3.82005	1	9	CAGGTTACATGCCAT	AGGTTTCTT	-
filter_39	UP00146_1	0	0.00231148	5.1962	1	15	CAGGTTACATGCCAT	GACGATAATGAGGTTGC	+
filter_39	RARG_full_3	1	0.00266816	5.99802	1	15	CAGGTTACATGCCAT	TGACCTCTGTTGACCTT	-
filter_39	MA0259.2	0	0.00369592	8.30842	1	5	CAGGTTACATGCCAT	CACGT	-
filter_40	MA2330.2	0	0.000384114	0.863487	1	12	ATTCATGGACCGTGG	CTTCCAGGACCT	+
filter_40	HINFP1_full_1	-3	0.000664994	1.49491	1	12	ATTCATGGACCGTGG	CAACGTCCGCGG	+
filter_40	MA1147.2	1	0.00292332	6.57162	1	12	ATTCATGGACCGTGG	GGGTCAATGACCT	-
filter_40	MA1146.2	1	0.0031548	7.09199	1	12	ATTCATGGACCGTGG	AGGTCATTGACCT	+
filter_40	MA1533.2	1	0.00353089	7.93744	1	14	ATTCATGGACCGTGG	AGTTCATCGAGTTCA	-
filter_40	MA1538.1	2	0.00379955	8.5414	1	13	ATTCATGGACCGTGG	AAGGTCATTGACCTT	+
filter_40	HINFP1_full_3	6	0.0040778	9.1669	1	13	ATTCATGGACCGTGG	GCGGACGTTCAACGTCCGC	+
filter_40	MA2588.1	-6	0.00430512	9.6779	1	8	ATTCATGGACCGTGG	GGGTCGCG	-
filter_41	MA2327.1	-4	0.000515426	1.15868	1	9	TTCCACAGGCTGATG	ACAGTCTGT	+
filter_41	UP00055_2	1	0.00177741	3.99563	1	15	TTCCACAGGCTGATG	TGTTCCCATTGTGTACT	+
filter_42	NR2F1_full	-3	0.00316138	7.10677	1	8	TGGGCCGTTAAAGCA	GGGGTCAA	+
filter_43	MA1580.1	0	0.000716777	1.61132	1	10	AGAACAGTACTGGAA	TGTACAGTAT	+
filter_43	MA2462.1	5	0.00203214	4.56825	1	9	AGAACAGTACTGGAA	TAATCAAAACAGTA	+
filter_43	MA2555.1	-1	0.00275228	6.18712	1	14	AGAACAGTACTGGAA	GAACAGTGCCCATA	-
filter_43	MA2526.1	1	0.00296605	6.66769	1	13	AGAACAGTACTGGAA	AAAAACAGTGTTTC	+
filter_43	MA1709.2	-1	0.00400775	9.00942	1	11	AGAACAGTACTGGAA	CAACAGAAACC	+
filter_43	UP00055_2	0	0.00442452	9.94633	1	15	AGAACAGTACTGGAA	AGTACACAATGGGAACA	-
filter_44	MA2492.1	-5	3.78166e-05	0.0850118	0.166157	9	GCTGCGGTGTGAACT	GGTGTGAAC	+
filter_44	TBX1_DBD_4	9	0.000213541	0.480041	0.331503	14	GCTGCGGTGTGAACT	TCTCACACCTCTGAGGTGTGAAA	-
filter_44	UP00022_2	1	0.00037476	0.842459	0.331503	15	GCTGCGGTGTGAACT	ACTTCCGGGGGGAATTT	-
filter_44	TBR1_full	-3	0.000761487	1.71182	0.331503	11	GCTGCGGTGTGAACT	AAGGTGTGAAA	+
filter_44	MA1475.2	-3	0.000961338	2.16109	0.331503	9	GCTGCGGTGTGAACT	GTGACGTCA	+
filter_44	TBX21_DBD_2	-3	0.00101625	2.28453	0.331503	10	GCTGCGGTGTGAACT	AAGGTGTGAA	+
filter_44	MA0471.3	-5	0.00105142	2.36359	0.331503	8	GCTGCGGTGTGAACT	GGCGGGAA	+
filter_44	MA0800.2	-4	0.00106805	2.40097	0.331503	9	GCTGCGGTGTGAACT	AGGTGTGAA	+
filter_44	EOMES_DBD_1	-3	0.00117292	2.63673	0.331503	12	GCTGCGGTGTGAACT	AAGGTGTGAAAAT	+
filter_44	MA1122.2	-5	0.00118328	2.66001	0.331503	8	GCTGCGGTGTGAACT	GGCGGGAA	+
filter_44	MA0802.2	-4	0.00118516	2.66424	0.331503	9	GCTGCGGTGTGAACT	AGGTGTGAA	+
filter_44	MA1566.3	-4	0.00118516	2.66424	0.331503	9	GCTGCGGTGTGAACT	AGGTGTGAA	+
filter_44	MA0865.3	-4	0.00118516	2.66424	0.331503	9	GCTGCGGTGTGAACT	TGGCGGGAA	-
filter_44	TBX21_full_2	-3	0.00122814	2.76085	0.331503	10	GCTGCGGTGTGAACT	AAGGTGTGAA	+
filter_44	TBX1_DBD_5	7	0.00129525	2.91172	0.331503	13	GCTGCGGTGTGAACT	TTCACACCTAGAGGTGTGAA	-
filter_44	NR4A2_full_1	2	0.00131264	2.95082	0.331503	15	GCTGCGGTGTGAACT	AGGTCACAGTTTGACCT	-
filter_44	TBR1_DBD	-4	0.00134862	3.0317	0.331503	10	GCTGCGGTGTGAACT	AGGTGTGAAA	+
filter_44	MA0688.2	-4	0.00145404	3.26869	0.331503	9	GCTGCGGTGTGAACT	AGGTGTGAA	+
filter_44	MA1565.2	-4	0.00145404	3.26869	0.331503	9	GCTGCGGTGTGAACT	AGGTGTGAA	+
filter_44	MA0600.3	0	0.00153075	3.44112	0.331503	14	GCTGCGGTGTGAACT	GTTGCCATGGCAAC	-
filter_44	MA0510.3	0	0.00177731	3.9954	0.331503	14	GCTGCGGTGTGAACT	GTTGCCATGGCAAC	+
filter_44	MA0690.3	-3	0.0017777	3.99626	0.331503	10	GCTGCGGTGTGAACT	AAGGTGTGAA	-
filter_44	TBX20_full_2	4	0.00181077	4.07061	0.331503	12	GCTGCGGTGTGAACT	AGGTGTGAAGGTGTGA	+
filter_44	CREB3_full_1	-1	0.00206005	4.63098	0.348128	14	GCTGCGGTGTGAACT	CGGTGACGTCATCA	+
filter_44	MA1951.2	-1	0.00234229	5.26546	0.3749	13	GCTGCGGTGTGAACT	TGATGACGTCATC	-
filter_44	MA1474.2	-3	0.00254087	5.71187	0.3749	10	GCTGCGGTGTGAACT	GTGACGTGGC	-
filter_44	MA1567.3	-4	0.002613	5.87402	0.3749	9	GCTGCGGTGTGAACT	AGGTGTGAA	+
filter_44	MA0014.4	-6	0.00261468	5.87779	0.3749	8	GCTGCGGTGTGAACT	GCGTGACC	+
filter_44	UP00066_1	0	0.00271599	6.10556	0.3749	15	GCTGCGGTGTGAACT	CTTCAGGGGTCAATTGA	+
filter_44	MA0093.4	-3	0.00277259	6.23278	0.3749	10	GCTGCGGTGTGAACT	GTCATGTGAC	+
filter_44	MA0145.2	-3	0.00317601	7.13967	0.3749	12	GCTGCGGTGTGAACT	CTGGTTTGAACTGG	-
filter_44	MGA_DBD_3	-5	0.0031822	7.15358	0.3749	10	GCTGCGGTGTGAACT	GGTGTGAAATTTCACACC	-
filter_44	MA0609.3	-3	0.00329366	7.40415	0.3749	10	GCTGCGGTGTGAACT	GTGACGTCAC	+
filter_44	CREB3_full_2	-1	0.00340879	7.66297	0.3749	14	GCTGCGGTGTGAACT	TGATGACGTGGCAC	-
filter_44	TBX2_full_2	-3	0.00349649	7.86011	0.3749	11	GCTGCGGTGTGAACT	AAGGTGTGAAA	+
filter_44	MA0483.2	0	0.00358581	8.06091	0.3749	10	GCTGCGGTGTGAACT	GCTGTGATTT	-
filter_44	MA0803.1	-4	0.00359887	8.09026	0.3749	8	GCTGCGGTGTGAACT	AGGTGTGA	+
filter_44	TBX15_DBD_2	-4	0.00359887	8.09026	0.3749	8	GCTGCGGTGTGAACT	AGGTGTGA	+
filter_44	E2F8_DBD	-2	0.00387833	8.71849	0.3749	12	GCTGCGGTGTGAACT	TTTGGCGGGAAA	-
filter_44	MA0805.1	-4	0.00399028	8.97015	0.3749	8	GCTGCGGTGTGAACT	AGGTGTGA	+
filter_44	TBX1_DBD_3	-4	0.00399028	8.97015	0.3749	8	GCTGCGGTGTGAACT	AGGTGTGA	+
filter_44	UP00068_1	0	0.00412109	9.26421	0.3749	15	GCTGCGGTGTGAACT	TAAAAGGTGTGAAAATT	+
filter_44	MA0638.2	-2	0.00417703	9.38996	0.3749	12	GCTGCGGTGTGAACT	GATGACGTGGCA	-
filter_44	MA0806.1	-4	0.00441698	9.92937	0.3749	8	GCTGCGGTGTGAACT	AGGTGTGA	+
filter_44	TBX4_DBD_1	-4	0.00441698	9.92937	0.3749	8	GCTGCGGTGTGAACT	AGGTGTGA	+
filter_44	MA1133.2	-2	0.00442235	9.94145	0.3749	11	GCTGCGGTGTGAACT	TGTGACGTCAT	+
filter_45	MA0092.2	-2	0.00248264	5.58097	1	9	AGACGCTATACTATA	ATGCCAGAC	-
filter_45	UP00159_1	0	0.0034983	7.86418	1	15	AGACGCTATACTATA	AAAAGTGATACCCCATT	-
filter_46	RHOXF1_DBD_1	0	0.00126658	2.84727	1	9	GTCGTATCCAAGCTC	GGATTATCC	-
filter_46	RHOXF1_full_1	0	0.00160361	3.60491	1	9	GTCGTATCCAAGCTC	GGATAATCC	+
filter_47	MA1647.3	0	0.000941173	2.11576	1	11	GGGTGTCTATGAGCA	CAGTTTCAAGG	-
filter_47	MA0463.3	-1	0.0015888	3.57163	1	13	GGGTGTCTATGAGCA	GCTTTCGAGGAAT	+
filter_47	MA1998.2	-1	0.0016873	3.79305	1	8	GGGTGTCTATGAGCA	GGTCTCTA	+
filter_47	MA2550.1	0	0.00221619	4.982	1	15	GGGTGTCTATGAGCA	GGGTCCCTAGCACCT	+
filter_47	MA0731.1	0	0.00340059	7.64453	1	15	GGGTGTCTATGAGCA	TGCTTTCTAGGAATTCA	+
filter_47	BCL6B_DBD	0	0.00340059	7.64453	1	15	GGGTGTCTATGAGCA	TGCTTTCTAGGAATTCA	+
filter_48	UP00056_1	3	0.000461169	1.03671	1	12	CAGAGCAACGCTCCG	TACCATAGCAACGGT	+
filter_48	UP00098_1	7	0.0020957	4.71113	1	15	CAGAGCAACGCTCCG	TGTGACCCTTAGCAACCGATTAA	+
filter_48	MA2324.1	0	0.00223055	5.01428	1	7	CAGAGCAACGCTCCG	CTGACCA	+
filter_48	UP00076_1	3	0.00258728	5.81621	1	12	CAGAGCAACGCTCCG	CCGCATAGCAACGGA	+
filter_48	MA1600.2	1	0.00269162	6.05075	1	13	CAGAGCAACGCTCCG	ACAGTCCACCCCTT	+
filter_49	MA0112.4	2	6.60446e-05	0.148468	0.149164	13	GTGACCGTAGCGGAG	AGGTCACCGTGACCT	-
filter_49	ESR1_DBD	3	6.63541e-05	0.149164	0.149164	14	GTGACCGTAGCGGAG	CAGGTCACCGTGACCTT	-
filter_49	MA0066.2	5	0.000157601	0.354286	0.236191	14	GTGACCGTAGCGGAG	AGTAGGTCACCGTGACCTA	-
filter_49	MA0258.2	2	0.000973559	2.18856	0.729521	13	GTGACCGTAGCGGAG	AGGTCAGGGTGACCT	-
filter_49	MA2546.1	0	0.00235168	5.28657	1	13	GTGACCGTAGCGGAG	GGCGCGGGCGCGG	-
filter_49	MA0119.1	2	0.00345293	7.76218	1	12	GTGACCGTAGCGGAG	TTGGCATGGTGCCA	-
filter_50	HOXD13_DBD_2	0	0.00146417	3.29146	1	11	TATCGTAACACTCTA	GCTCGTAAAAC	+
filter_50	HOXC13_DBD_2	0	0.00159881	3.59412	1	11	TATCGTAACACTCTA	GCTCGTAAAAA	+
filter_50	Hoxd13_DBD_2	0	0.00159881	3.59412	1	11	TATCGTAACACTCTA	GCTCGTAAAAC	+
filter_50	HSFY2_DBD_1	-1	0.00244274	5.49128	1	14	TATCGTAACACTCTA	TTCGAAACGTTCGAA	+
filter_50	MA1995.2	-2	0.00367529	8.26206	1	7	TATCGTAACACTCTA	TCGTGAC	+
filter_50	MA0907.2	-1	0.00433382	9.74244	1	9	TATCGTAACACTCTA	CTCGTAAAA	+
filter_51	MA0748.3	-8	0.00284394	6.39318	1	7	CTGTAAACATGGTAG	ATGGCGG	+
filter_51	MA1724.2	-7	0.00415967	9.35093	1	8	CTGTAAACATGGTAG	GTTGCTAGG	-
filter_52	Tp53_DBD_1	5	0.00150553	3.38443	1	13	GTATTACTCCTGAAG	ACATGTCCATGGACATGT	-
filter_52	Tp53_DBD_2	4	0.00175361	3.94212	1	13	GTATTACTCCTGAAG	ACATGTCATAGACATGT	-
filter_52	MA0803.1	-3	0.00220006	4.94573	1	8	GTATTACTCCTGAAG	TCACACCT	-
filter_52	MA0805.1	-3	0.00220006	4.94573	1	8	GTATTACTCCTGAAG	TCACACCT	-
filter_52	TBX15_DBD_2	-3	0.00220006	4.94573	1	8	GTATTACTCCTGAAG	TCACACCT	-
filter_52	TBX1_DBD_3	-3	0.00220006	4.94573	1	8	GTATTACTCCTGAAG	TCACACCT	-
filter_52	UP00051_1	3	0.00256246	5.76041	1	14	GTATTACTCCTGAAG	TTATCTATTGTTCTTTA	+
filter_52	MA0801.1	-3	0.00267565	6.01486	1	8	GTATTACTCCTGAAG	TCACACCT	-
filter_52	MGA_DBD_1	-3	0.00267565	6.01486	1	8	GTATTACTCCTGAAG	TCACACCT	-
filter_52	MA1559.2	-4	0.00272345	6.12233	1	9	GTATTACTCCTGAAG	TGCACCTGT	-
filter_52	MA0794.1	-1	0.002912	6.54618	1	12	GTATTACTCCTGAAG	CAAGACGCCTTA	+
filter_52	PROX1_DBD	-1	0.002912	6.54618	1	12	GTATTACTCCTGAAG	CAAGACGCCTTA	+
filter_52	TBR1_full	-1	0.00376298	8.45918	1	11	GTATTACTCCTGAAG	TTTCACACCTT	-
filter_52	OTX2_DBD_2	-3	0.00430522	9.67814	1	8	GTATTACTCCTGAAG	TTAATCCT	+
filter_53	PAX5_DBD	0	0.000588978	1.32402	1	15	TGTCGTGCAACAGTG	CGTCACGCATGAGTGCTC	+
filter_53	MA0730.1	1	0.00110064	2.47424	1	15	TGTCGTGCAACAGTG	AGGTCATGCAAAGGTCA	+
filter_53	RARA_DBD_3	1	0.00110064	2.47424	1	15	TGTCGTGCAACAGTG	AGGTCATGCAAAGGTCA	+
filter_53	MA0043.4	-2	0.00199805	4.49161	1	9	TGTCGTGCAACAGTG	TTATGCAAC	+
filter_53	MA0093.4	-1	0.00214142	4.81391	1	10	TGTCGTGCAACAGTG	GTCATGTGAC	+
filter_53	MA2094.1	0	0.00276692	6.22003	1	15	TGTCGTGCAACAGTG	CGTCACGCATGACTGC	+
filter_53	MA0779.2	0	0.00318252	7.15431	1	15	TGTCGTGCAACAGTG	CGTCACGCATGACTGC	+
filter_53	DBP_full	0	0.00333153	7.48927	1	12	TGTCGTGCAACAGTG	TATTACGTAACA	+
filter_53	TEF_DBD	0	0.00333153	7.48927	1	12	TGTCGTGCAACAGTG	TGTTACGTAATA	-
filter_53	MA0781.2	0	0.00341113	7.66822	1	15	TGTCGTGCAACAGTG	CGTCACGCATGACTGC	+
filter_53	Tcf21_DBD	-6	0.00356797	8.02081	1	9	TGTCGTGCAACAGTG	GCAACAGCTGTTGT	+
filter_53	PAX1_DBD	0	0.00376261	8.45835	1	15	TGTCGTGCAACAGTG	CGTCACGCATGACTGCA	+
filter_53	PAX2_DBD	0	0.00378625	8.5115	1	15	TGTCGTGCAACAGTG	CGTCACGCTTGACTGCTC	+
filter_53	HLF_full	0	0.0038682	8.69571	1	12	TGTCGTGCAACAGTG	GGTTACGTAATG	-
filter_53	PAX9_DBD	0	0.00402953	9.05838	1	15	TGTCGTGCAACAGTG	CGTCACGCATGACTGCA	+
filter_53	Rarg_DBD_2	2	0.00434236	9.76163	1	15	TGTCGTGCAACAGTG	AAGGTCATCTAAAGGTCA	+
filter_54	UP00068_2	0	0.000245097	0.550977	0.983169	15	GCGAGAGTCTCGCGC	GCGGAGGTGTCGCCTC	+
filter_54	MA1101.3	-1	0.00119433	2.68486	0.983169	11	GCGAGAGTCTCGCGC	GATGAGTCATG	-
filter_54	MA0632.3	-7	0.00122667	2.75755	0.983169	8	GCGAGAGTCTCGCGC	TCACGCGC	+
filter_54	MA2569.1	-1	0.00131972	2.96673	0.983169	14	GCGAGAGTCTCGCGC	CGAGGGTTATCAGCAC	+
filter_54	Rxra_DBD_2	-4	0.00184787	4.15402	0.983169	11	GCGAGAGTCTCGCGC	GGGTCATGACCC	-
filter_54	MA0014.4	-5	0.00186819	4.1997	0.983169	8	GCGAGAGTCTCGCGC	GGTCACGC	-
filter_54	TFAP2C_full_3	1	0.00249525	5.60932	0.983169	10	GCGAGAGTCTCGCGC	TGCCTGAGGCT	-
filter_54	MA0162.5	0	0.00250479	5.63078	0.983169	10	GCGAGAGTCTCGCGC	GCGTGGGCGT	-
filter_54	MA2588.1	-6	0.00253374	5.69584	0.983169	8	GCGAGAGTCTCGCGC	GGGTCGCG	-
filter_54	MA0003.5	0	0.0031042	6.97825	0.983169	9	GCGAGAGTCTCGCGC	GCCTGAGGC	-
filter_54	MA0472.2	1	0.0034126	7.67152	0.983169	10	GCGAGAGTCTCGCGC	TGCGTGGGCGT	-
filter_54	EGR2_DBD	1	0.0034126	7.67152	0.983169	10	GCGAGAGTCTCGCGC	TGCGTGGGCGT	-
filter_54	MA1107.3	-2	0.00368535	8.28466	0.983169	11	GCGAGAGTCTCGCGC	GTGGGTGTGGC	-
filter_54	UP00079_2	2	0.00392293	8.81874	0.983169	15	GCGAGAGTCTCGCGC	GGCGAGGGGTCAAGGGC	+
filter_55	HOXC12_DBD_2	-2	0.000738861	1.66096	1	11	TCAGTCCTAAATTGC	GGTCGTAAAAA	+
filter_55	HOXD12_DBD_2	-2	0.00108491	2.43888	1	11	TCAGTCCTAAATTGC	AGTCGTAAAAA	+
filter_55	HOXC11_full_1	-2	0.00119131	2.67807	1	11	TCAGTCCTAAATTGC	GGTCGTAAAAT	+
filter_55	HOXD12_DBD_3	-2	0.0015687	3.52644	1	11	TCAGTCCTAAATTGC	GGTCGTAAAAT	+
filter_55	MA0873.2	-2	0.00236689	5.32077	1	10	TCAGTCCTAAATTGC	AGTCGTAAAA	+
filter_55	MA0906.2	-2	0.00282864	6.35879	1	10	TCAGTCCTAAATTGC	GGTCGTAAAA	+
filter_55	MA0463.3	-2	0.0028469	6.39983	1	13	TCAGTCCTAAATTGC	ATTCCTCGAAAGC	-
filter_55	MA2563.1	-2	0.00359932	8.09127	1	12	TCAGTCCTAAATTGC	AGTCCGAATTAG	-
filter_55	HOXC11_DBD_1	-2	0.00372145	8.36581	1	11	TCAGTCCTAAATTGC	GGTCGTAAAAT	+
filter_55	MA1506.2	-2	0.00400229	8.99715	1	10	TCAGTCCTAAATTGC	GGTCGTAAAA	+
filter_56	MA1540.3	0	0.000237914	0.53483	0.692133	12	AGTCTAGGGTGATCT	AGTTCAAGGTCA	+
filter_56	ESRRA_DBD_1	-2	0.000573055	1.28823	0.692133	11	AGTCTAGGGTGATCT	TTCAAGGTCAT	+
filter_56	MA0258.2	0	0.000734171	1.65042	0.692133	15	AGTCTAGGGTGATCT	AGGTCAGGGTGACCT	-
filter_56	ESRRA_DBD_4	-2	0.000991735	2.22942	0.692133	11	AGTCTAGGGTGATCT	TTCAAGGTCAA	+
filter_56	MA0858.1	2	0.00163983	3.68634	0.692133	15	AGTCTAGGGTGATCT	TGACCTTTAGTTGACCT	-
filter_56	Rarb_DBD_3	2	0.00163983	3.68634	0.692133	15	AGTCTAGGGTGATCT	TGACCTTTAGTTGACCT	-
filter_56	MA1535.2	-6	0.00208072	4.67747	0.692133	6	AGTCTAGGGTGATCT	AGGTCA	+
filter_56	ESRRA_DBD_5	1	0.00219261	4.92898	0.692133	15	AGTCTAGGGTGATCT	TGACCTTGAATGACCTT	-
filter_56	ESRRG_full_2	1	0.00219261	4.92898	0.692133	15	AGTCTAGGGTGATCT	TGACCTTGACTGACCTT	-
filter_56	NR2F1_DBD_1	2	0.00244703	5.50093	0.692133	13	AGTCTAGGGTGATCT	GAGGTCAAAGGTCAA	+
filter_56	MA0112.4	0	0.00262827	5.90835	0.692133	15	AGTCTAGGGTGATCT	AGGTCACGGTGACCT	+
filter_56	ESRRB_DBD	-3	0.00297404	6.68564	0.692133	11	AGTCTAGGGTGATCT	TCAAGGTCATA	+
filter_56	Esrra_DBD_2	-2	0.00348751	7.83993	0.692133	11	AGTCTAGGGTGATCT	TTCAAGGTCAT	+
filter_56	MA0677.2	1	0.00351674	7.90564	0.692133	12	AGTCTAGGGTGATCT	AGGTCAAAGGTCA	+
filter_56	MA1537.2	1	0.00377854	8.49415	0.692133	12	AGTCTAGGGTGATCT	AGGTCAAAGGTCA	+
filter_56	ESR1_DBD	1	0.00384133	8.63531	0.692133	15	AGTCTAGGGTGATCT	AAGGTCACGGTGACCTG	+
filter_56	RARG_DBD_2	2	0.0038816	8.72584	0.692133	15	AGTCTAGGGTGATCT	TGACCTTTAGTTGACCTT	-
filter_56	MA0855.1	2	0.00413785	9.30188	0.692133	12	AGTCTAGGGTGATCT	GGGGTCAAAGGTCA	+
filter_56	RXRB_DBD	2	0.00413785	9.30188	0.692133	12	AGTCTAGGGTGATCT	GGGGTCAAAGGTCA	+
filter_56	MA0141.4	-3	0.00425486	9.56492	0.692133	10	AGTCTAGGGTGATCT	TCAAGGTCAT	+
filter_56	MA0512.2	2	0.00443473	9.96928	0.692133	12	AGTCTAGGGTGATCT	GGGGTCAAAGGTCA	+
filter_56	NR2F6_DBD_2	2	0.00443473	9.96928	0.692133	12	AGTCTAGGGTGATCT	GAGGTCAAAGGTCA	+
filter_56	RXRA_full_1	2	0.00443473	9.96928	0.692133	12	AGTCTAGGGTGATCT	GGGGTCAAAGGTCA	+
filter_56	RXRG_full_1	2	0.00443473	9.96928	0.692133	12	AGTCTAGGGTGATCT	GGGGTCAAAGGTCA	+
filter_57	UP00009_2	-1	0.000495504	1.11389	1	14	CTACCTATCCGGGCG	TACGTGACCCGGCGCG	-
filter_57	MA0736.1	-4	0.00221166	4.9718	1	11	CTACCTATCCGGGCG	CTTCGCGGGGGGTC	-
filter_57	GLIS2_DBD	-4	0.00221166	4.9718	1	11	CTACCTATCCGGGCG	CTTCGCGGGGGGTC	-
filter_57	MA2583.1	-8	0.00280442	6.30435	1	7	CTACCTATCCGGGCG	GCGGGCGGGCGG	-
filter_57	MA1979.2	-5	0.00321126	7.21892	1	10	CTACCTATCCGGGCG	TATCTGGGCA	+
filter_57	MA0131.3	-8	0.00400345	8.99975	1	7	CTACCTATCCGGGCG	GCGGACGT	-
filter_58	UP00017_2	1	0.000354851	0.797704	1	15	AAGGCAGTACACGTA	ACTCCAAGTACTTGGAA	+
filter_59	Rfx3_DBD	0	0.00110205	2.47741	0.630124	15	GCACTCGATGATAAC	GGTTGCCATGGCAACG	+
filter_59	UP00056_1	-3	0.00125526	2.82182	0.630124	12	GCACTCGATGATAAC	TACCATAGCAACGGT	+
filter_59	RFX5_DBD_1	0	0.00127055	2.8562	0.630124	15	GCACTCGATGATAAC	CGTTGCCATGGCAACG	-
filter_59	RFX5_DBD_2	0	0.00127055	2.8562	0.630124	15	GCACTCGATGATAAC	CGTTGCCATGGTAACG	-
filter_59	RFX5_DBD_3	0	0.00127055	2.8562	0.630124	15	GCACTCGATGATAAC	CGTTGCCATGGTAACG	-
filter_59	UP00055_2	1	0.0013547	3.04536	0.630124	15	GCACTCGATGATAAC	AGTACACAATGGGAACA	-
filter_59	MA0509.3	0	0.00168183	3.78075	0.630124	15	GCACTCGATGATAAC	CGTTGCCATGGCAACG	+
filter_59	MA0798.3	0	0.00168183	3.78075	0.630124	15	GCACTCGATGATAAC	CGTTGCCATGGCAACG	-
filter_59	Rfx2_DBD_1	0	0.00168183	3.78075	0.630124	15	GCACTCGATGATAAC	GGTTGCCATGGCAACG	-
filter_59	RFX2_DBD_1	0	0.00193107	4.34105	0.663713	15	GCACTCGATGATAAC	CGTTGCCATGGCAACG	+
filter_59	RFX3_DBD_1	0	0.0020682	4.64932	0.663713	15	GCACTCGATGATAAC	CGTTGCCATGGCAACG	+
filter_59	MA0752.2	0	0.00310046	6.96983	0.663793	15	GCACTCGATGATAAC	CCATCCCATAATACTC	+
filter_59	ZNF410_DBD	1	0.00398905	8.96739	0.815218	15	GCACTCGATGATAAC	TCCATCCCATAATACTC	+
filter_60	FLI1_DBD_1	-1	0.000130929	0.294329	0.122194	10	AACCAGACGTCATGG	ACCGGAAGTG	+
filter_60	MA0098.4	-1	0.000203506	0.457481	0.122194	9	AACCAGACGTCATGG	ACCGGAAGT	+
filter_60	MA0475.3	-1	0.000234324	0.52676	0.122194	9	AACCAGACGTCATGG	ACCGGAAGT	+
filter_60	ERG_DBD_1	-1	0.0002437	0.547837	0.122194	10	AACCAGACGTCATGG	ACCGGAAGTG	+
filter_60	MA0760.2	-1	0.00026916	0.605072	0.122194	9	AACCAGACGTCATGG	ACCGGAAGT	+
filter_60	ETS1_full_1	-1	0.000274635	0.617379	0.122194	10	AACCAGACGTCATGG	ACCGGAAGTG	+
filter_60	ERG_full_1	-1	0.000347218	0.780546	0.122194	10	AACCAGACGTCATGG	ACCGGAAGTG	+
filter_60	MA0156.4	-1	0.000352659	0.792778	0.122194	9	AACCAGACGTCATGG	ACCGGAAGT	+
filter_60	MA0763.2	-1	0.000352659	0.792778	0.122194	9	AACCAGACGTCATGG	ACCGGAAGT	+
filter_60	ELK4_DBD	-1	0.000389573	0.875759	0.122194	10	AACCAGACGTCATGG	ACCGGAAGTG	+
filter_60	MA1939.2	-2	0.000419287	0.942556	0.122194	13	AACCAGACGTCATGG	CCGGAAATCACGTGAT	+
filter_60	MA0028.3	-1	0.000457973	1.02952	0.122194	9	AACCAGACGTCATGG	ACCGGAAGT	+
filter_60	MA0764.4	-1	0.000457973	1.02952	0.122194	9	AACCAGACGTCATGG	ACCGGAAGT	+
filter_60	ETV3_DBD	-1	0.000488423	1.09798	0.122194	10	AACCAGACGTCATGG	ACCGGAAGTG	+
filter_60	MA0759.3	-1	0.00052029	1.16961	0.122194	9	AACCAGACGTCATGG	ACCGGAAGT	+
filter_60	MA0762.2	-1	0.00052029	1.16961	0.122194	9	AACCAGACGTCATGG	ACCGGAAAT	+
filter_60	MA0765.4	-1	0.00052029	1.16961	0.122194	9	AACCAGACGTCATGG	ACCGGAAGT	+
filter_60	ERF_DBD	-1	0.000545829	1.22702	0.122194	10	AACCAGACGTCATGG	ACCGGAAGTG	+
filter_60	ETS1_DBD_1	-1	0.000545829	1.22702	0.122194	10	AACCAGACGTCATGG	ACCGGAAGTG	+
filter_60	FLI1_full_1	-1	0.000545829	1.22702	0.122194	10	AACCAGACGTCATGG	ACCGGAAGTG	+
filter_60	FEV_DBD	-1	0.000756134	1.69979	0.161214	10	AACCAGACGTCATGG	ACCGGAAGTG	+
filter_60	ETV1_DBD	-1	0.00093392	2.09945	0.190069	10	AACCAGACGTCATGG	ACCGGAAGTA	+
filter_60	ETV4_DBD	-1	0.00103609	2.32913	0.200942	10	AACCAGACGTCATGG	ACCGGAAGTA	+
filter_60	MA1484.2	-1	0.0010771	2.42133	0.200942	9	AACCAGACGTCATGG	ACCGGAAGT	+
filter_60	ETV2_DBD	0	0.00126937	2.85354	0.227338	11	AACCAGACGTCATGG	AACCGGAAATA	+
filter_60	ETV5_DBD	-1	0.00140506	3.15859	0.241962	10	AACCAGACGTCATGG	ACCGGAAGTG	+
filter_60	ELK1_DBD_2	-1	0.00171232	3.84929	0.283952	10	AACCAGACGTCATGG	ACCGGAAGTG	+
filter_60	ELK1_DBD_1	-1	0.00207858	4.67264	0.314659	10	AACCAGACGTCATGG	ACCGGAAGTA	+
filter_60	ELK3_DBD	-1	0.00207858	4.67264	0.314659	10	AACCAGACGTCATGG	ACCGGAAGTA	+
filter_60	MA1933.2	-2	0.00210832	4.7395	0.314659	13	AACCAGACGTCATGG	CCGGAAGTGGCGTGA	+
filter_60	MA2340.1	-1	0.00228694	5.14103	0.319984	10	AACCAGACGTCATGG	ACCGGAAGTG	+
filter_60	ELK1_full_1	-1	0.00228694	5.14103	0.319984	10	AACCAGACGTCATGG	ACCGGAAGTA	+
filter_60	MA1153.2	-2	0.00253333	5.69492	0.343718	7	AACCAGACGTCATGG	CTAGACA	-
filter_60	GABPA_full	-1	0.00276103	6.2068	0.362709	10	AACCAGACGTCATGG	ACCGGAAGTA	+
filter_60	UP00013_1	3	0.00283536	6.37388	0.362709	14	AACCAGACGTCATGG	CAATACCGGAAGTGTAA	+
filter_60	MA1123.3	-2	0.00291633	6.55591	0.362709	8	AACCAGACGTCATGG	CCAGATGT	+
filter_60	Elk3_DBD	-1	0.00302982	6.81103	0.366639	10	AACCAGACGTCATGG	ACCGGAAGTA	+
filter_60	MA0604.1	-5	0.00365958	8.22673	0.431194	8	AACCAGACGTCATGG	TACGTCAT	-
filter_60	MA1952.2	1	0.00392738	8.82876	0.450882	10	AACCAGACGTCATGG	AAACAGGAAGT	+
filter_60	GRHL1_DBD_1	0	0.00426044	9.57748	0.476891	15	AACCAGACGTCATGG	AACCGGTTAAACCGGTT	-
filter_61	UP00083_1	1	0.00132785	2.98501	1	15	TTCGCTTCGCTGTAT	ATTTCCTTTGATCTATA	+
filter_61	UP00085_2	-3	0.00165789	3.72694	1	12	TTCGCTTCGCTGTAT	GGTTCCGGAATTTG	-
filter_61	UP00058_1	1	0.00196775	4.42349	1	15	TTCGCTTCGCTGTAT	TTTTCCTTTGATCTATA	-
filter_61	UP00049_2	-2	0.00332056	7.46462	1	13	TTCGCTTCGCTGTAT	TCCGTCGCTTAAAAG	+
filter_61	MA2588.1	-3	0.0041507	9.33078	1	8	TTCGCTTCGCTGTAT	GGGTCGCG	-
filter_61	UP00067_1	1	0.00418731	9.41307	1	15	TTCGCTTCGCTGTAT	AATCCCTTTGATCTATC	+
filter_62	CUX1_DBD_2	-2	0.000129344	0.290766	0.581532	13	CAATTGATAAGCTGA	ATCGATAACCTGATCGAT	+
filter_62	UP00247_1	1	0.00212951	4.78714	1	15	CAATTGATAAGCTGA	TGAACTAATTAGCCCAC	+
filter_62	MYBL1_DBD_4	2	0.00227858	5.12224	1	15	CAATTGATAAGCTGA	GGCCGTTATAACCGTTA	+
filter_62	UP00108_1	2	0.00227858	5.12224	1	15	CAATTGATAAGCTGA	CTCAGCTAATTAGTTTA	-
filter_62	GATA3_full	-4	0.00264155	5.93821	1	8	CAATTGATAAGCTGA	AGATAAGG	+
filter_62	GATA4_DBD	-4	0.00294934	6.63012	1	8	CAATTGATAAGCTGA	AGATAAGA	+
filter_62	CUX1_DBD_3	0	0.00331756	7.45788	1	10	CAATTGATAAGCTGA	TAATCGATAA	+
filter_62	UP00219_1	2	0.00339397	7.62965	1	15	CAATTGATAAGCTGA	ACCGGTTGATCACCTGA	+
filter_62	UP00051_1	7	0.00339397	7.62965	1	10	CAATTGATAAGCTGA	TAAAGAACAATAGATAA	-
filter_62	DUXA_DBD	-3	0.00428639	9.63581	1	12	CAATTGATAAGCTGA	TTGATTAAATTAG	-
filter_63	UP00040_2	2	0.000184108	0.413874	0.827748	13	AAGCGCGAATTACGC	TTGATCGAGAATTCC	+
filter_63	UP00156_1	-1	0.000473662	1.06479	1	14	AAGCGCGAATTACGC	AGCGCTAATTGGTCTTC	-
filter_63	GSC2_DBD	-4	0.00188858	4.24552	1	10	AAGCGCGAATTACGC	GCGGATTAGG	-
filter_63	GMEB2_DBD_3	-1	0.00320859	7.2129	1	14	AAGCGCGAATTACGC	TACGTCAGTTACGTA	-
filter_63	MA1933.2	0	0.0039246	8.8225	1	15	AAGCGCGAATTACGC	TCACGCCACTTCCGG	-

# Tomtom (Motif Comparison Tool): Version 5.5.9 compiled on Nov 21 2025 at 19:29:08
# The format of this file is described at https://meme-suite.org/meme/doc/tomtom-output-format.html.
# tomtom -no-ssc -oc . -verbosity 1 -min-overlap 5 -dist pearson -evalue -thresh 10.0 shallow_cnn_filters.meme db/JASPAR/JASPAR2026_CORE_vertebrates_non-redundant.meme db/EUKARYOTE/jolma2013.meme db/MOUSE/uniprobe_mouse.meme
